priceid,tarikh_harga,systemdate,negeri,daerah,lokasi,peringkat,sublevel,kategori,kumpulan,jenis,varieti,gred,unit,harga,average14,supply
30826283,2026-08-09,2026-08-09 11:27:53.768565,KELANTAN,KOTA BHARU,MYFARM OUTLET RTC KOTA BHARU,Runcit,29,Sayur-Sayuran,05,001,BAWANG BESAR KUNING / HOLLAND,F.A.Q,Kilogram,4.2,4.2,
30826284,2026-08-09,2026-08-09 11:27:53.768565,KELANTAN,KOTA BHARU,MYFARM OUTLET RTC KOTA BHARU,Runcit,29,Sayur-Sayuran,05,001,BAWANG BESAR KUNING / HOLLAND,F.A.Q,Kilogram,4.2,4.2,
30826285,2026-08-09,2026-08-09 11:27:53.768565,KELANTAN,KOTA BHARU,MYFARM OUTLET RTC KOTA BHARU,Runcit,29,Sayur-Sayuran,05,001,BAWANG BESAR MERAH (INDIA),F.A.Q,Kilogram,4,4,
30826286,2026-08-09,2026-08-09 11:27:53.768565,KELANTAN,KOTA BHARU,MYFARM OUTLET RTC KOTA BHARU,Runcit,29,Sayur-Sayuran,05,001,BAWANG BESAR MERAH (INDIA),F.A.Q,Kilogram,4,4,
30826287,2026-08-09,2026-08-09 11:27:53.768565,KELANTAN,KOTA BHARU,MYFARM OUTLET RTC KOTA BHARU,Runcit,29,Sayur-Sayuran,05,001,BAWANG MERAH / KECIL (INDIA),F.A.Q,Kilogram,3,3,
30826288,2026-08-09,2026-08-09 11:27:53.768565,KELANTAN,KOTA BHARU,MYFARM OUTLET RTC KOTA BHARU,Runcit,29,Sayur-Sayuran,05,001,BAWANG MERAH / KECIL (INDIA),F.A.Q,Kilogram,3,3,
30826289,2026-08-09,2026-08-09 11:27:53.768565,KELANTAN,KOTA BHARU,MYFARM OUTLET RTC KOTA BHARU,Runcit,29,Sayur-Sayuran,05,001,BAWANG MERAH / KECIL (THAI),F.A.Q,Kilogram,12,12,
30826290,2026-08-09,2026-08-09 11:27:53.768565,KELANTAN,KOTA BHARU,MYFARM OUTLET RTC KOTA BHARU,Runcit,29,Sayur-Sayuran,05,001,BAWANG MERAH / KECIL (THAI),F.A.Q,Kilogram,12,12,
30826291,2026-08-09,2026-08-09 11:27:53.768565,KELANTAN,KOTA BHARU,MYFARM OUTLET RTC KOTA BHARU,Runcit,29,Sayur-Sayuran,05,001,BAWANG PUTIH (CHINA),F.A.Q,Kilogram,8,8,
30826292,2026-08-09,2026-08-09 11:27:53.768565,KELANTAN,KOTA BHARU,MYFARM OUTLET RTC KOTA BHARU,Runcit,29,Sayur-Sayuran,05,001,BAWANG PUTIH (CHINA),F.A.Q,Kilogram,8,8,
30826293,2026-08-09,2026-08-09 11:27:53.768565,KELANTAN,KOTA BHARU,MYFARM OUTLET RTC KOTA BHARU,Runcit,29,Sayur-Sayuran,03,001,BAYAM,F.A.Q,Kilogram,6,6,
30826294,2026-08-09,2026-08-09 11:27:53.768565,KELANTAN,KOTA BHARU,MYFARM OUTLET RTC KOTA BHARU,Runcit,29,Sayur-Sayuran,03,001,BAYAM,F.A.Q,Kilogram,6,6,
30826295,2026-08-09,2026-08-09 11:27:53.768565,KELANTAN,KOTA BHARU,MYFARM OUTLET RTC KOTA BHARU,Runcit,29,Sayur-Sayuran,02,002,CILI / LADA SOLOK,F.A.Q,Kilogram,18,19.4,
30826296,2026-08-09,2026-08-09 11:27:53.768565,KELANTAN,KOTA BHARU,MYFARM OUTLET RTC KOTA BHARU,Runcit,29,Sayur-Sayuran,02,002,CILI / LADA SOLOK,F.A.Q,Kilogram,19,19.4,
30826297,2026-08-09,2026-08-09 11:27:53.768565,KELANTAN,KOTA BHARU,MYFARM OUTLET RTC KOTA BHARU,Runcit,29,Sayur-Sayuran,02,002,CILI / LADA SOLOK,F.A.Q,Kilogram,19,19.4,
30826298,2026-08-09,2026-08-09 11:27:53.768565,KELANTAN,KOTA BHARU,MYFARM OUTLET RTC KOTA BHARU,Runcit,29,Sayur-Sayuran,02,002,CILI MERAH KULAI / KULAI HIBRID,F.A.Q,Kilogram,13,13,
30826299,2026-08-09,2026-08-09 11:27:53.768565,KELANTAN,KOTA BHARU,MYFARM OUTLET RTC KOTA BHARU,Runcit,29,Sayur-Sayuran,02,002,CILI MERAH KULAI / KULAI HIBRID,F.A.Q,Kilogram,13,13,
30826300,2026-08-09,2026-08-09 11:27:53.768565,KELANTAN,KOTA BHARU,MYFARM OUTLET RTC KOTA BHARU,Runcit,29,Sayur-Sayuran,02,002,CILI MERAH MINYAK,F.A.Q,Kilogram,11,12,
30826301,2026-08-09,2026-08-09 11:27:53.768565,KELANTAN,KOTA BHARU,MYFARM OUTLET RTC KOTA BHARU,Runcit,29,Sayur-Sayuran,02,002,CILI MERAH MINYAK,F.A.Q,Kilogram,11,12,
30826302,2026-08-09,2026-08-09 11:27:53.768565,KELANTAN,KOTA BHARU,MYFARM OUTLET RTC KOTA BHARU,Runcit,29,Sayur-Sayuran,02,002,CILI MERAH MINYAK,F.A.Q,Kilogram,11,12,
30826303,2026-08-09,2026-08-09 11:27:53.768565,KELANTAN,KOTA BHARU,MYFARM OUTLET RTC KOTA BHARU,Runcit,29,Sayur-Sayuran,03,009,DAUN BAWANG,F.A.Q,Kilogram,9.5,11,
30826304,2026-08-09,2026-08-09 11:27:53.768565,KELANTAN,KOTA BHARU,MYFARM OUTLET RTC KOTA BHARU,Runcit,29,Sayur-Sayuran,03,009,DAUN BAWANG,F.A.Q,Kilogram,9.5,11,
30826305,2026-08-09,2026-08-09 11:27:53.768565,KELANTAN,KOTA BHARU,MYFARM OUTLET RTC KOTA BHARU,Runcit,29,Sayur-Sayuran,03,009,DAUN BAWANG (IMPORT),F.A.Q,Kilogram,9,10,
30826306,2026-08-09,2026-08-09 11:27:53.768565,KELANTAN,KOTA BHARU,MYFARM OUTLET RTC KOTA BHARU,Runcit,29,Sayur-Sayuran,03,009,DAUN BAWANG (IMPORT),F.A.Q,Kilogram,9,10,
30826307,2026-08-09,2026-08-09 11:27:53.768565,KELANTAN,KOTA BHARU,MYFARM OUTLET RTC KOTA BHARU,Runcit,29,Sayur-Sayuran,03,009,DAUN BAWANG (IMPORT),F.A.Q,Kilogram,9,10,
30826308,2026-08-09,2026-08-09 11:27:53.768565,KELANTAN,KOTA BHARU,MYFARM OUTLET RTC KOTA BHARU,Runcit,29,Sayur-Sayuran,03,015,DAUN SUP (TANAH TINGGI),F.A.Q,Kilogram,15,15,
30826309,2026-08-09,2026-08-09 11:27:53.768565,KELANTAN,KOTA BHARU,MYFARM OUTLET RTC KOTA BHARU,Runcit,29,Sayur-Sayuran,03,015,DAUN SUP (TANAH TINGGI),F.A.Q,Kilogram,15,15,
30826310,2026-08-09,2026-08-09 11:27:53.768565,KELANTAN,KOTA BHARU,MYFARM OUTLET RTC KOTA BHARU,Runcit,29,Sayur-Sayuran,03,015,DAUN SUP (TANAH TINGGI),F.A.Q,Kilogram,15,15,
30826311,2026-08-09,2026-08-09 11:27:53.768565,KELANTAN,KOTA BHARU,MYFARM OUTLET RTC KOTA BHARU,Runcit,29,Sayur-Sayuran,04,002,KACANG BENDI,F.A.Q,Kilogram,7,7,
30826312,2026-08-09,2026-08-09 11:27:53.768565,KELANTAN,KOTA BHARU,MYFARM OUTLET RTC KOTA BHARU,Runcit,29,Sayur-Sayuran,04,002,KACANG BENDI,F.A.Q,Kilogram,7,7,
30826313,2026-08-09,2026-08-09 11:27:53.768565,KELANTAN,KOTA BHARU,MYFARM OUTLET RTC KOTA BHARU,Runcit,29,Sayur-Sayuran,04,002,KACANG BENDI,F.A.Q,Kilogram,7,7,
30826314,2026-08-09,2026-08-09 11:27:53.768565,KELANTAN,KOTA BHARU,MYFARM OUTLET RTC KOTA BHARU,Runcit,29,Sayur-Sayuran,04,003,KACANG BUNCIS,F.A.Q,Kilogram,11,11.125,
30826315,2026-08-09,2026-08-09 11:27:53.768565,KELANTAN,KOTA BHARU,MYFARM OUTLET RTC KOTA BHARU,Runcit,29,Sayur-Sayuran,04,003,KACANG BUNCIS,F.A.Q,Kilogram,11,11.125,
30826316,2026-08-09,2026-08-09 11:27:53.768565,KELANTAN,KOTA BHARU,MYFARM OUTLET RTC KOTA BHARU,Runcit,29,Sayur-Sayuran,04,003,KACANG BUNCIS,F.A.Q,Kilogram,11,11.125,
30826317,2026-08-09,2026-08-09 11:27:53.768565,KELANTAN,KOTA BHARU,MYFARM OUTLET RTC KOTA BHARU,Runcit,29,Sayur-Sayuran,04,007,KACANG PANJANG HIJAU,F.A.Q,Kilogram,7,7.3,
30826318,2026-08-09,2026-08-09 11:27:53.768565,KELANTAN,KOTA BHARU,MYFARM OUTLET RTC KOTA BHARU,Runcit,29,Sayur-Sayuran,04,007,KACANG PANJANG HIJAU,F.A.Q,Kilogram,7,7.3,
30826319,2026-08-09,2026-08-09 11:27:53.768565,KELANTAN,KOTA BHARU,MYFARM OUTLET RTC KOTA BHARU,Runcit,29,Sayur-Sayuran,04,007,KACANG PANJANG HIJAU,F.A.Q,Kilogram,7,7.3,
30826320,2026-08-09,2026-08-09 11:27:53.768565,KELANTAN,KOTA BHARU,MYFARM OUTLET RTC KOTA BHARU,Runcit,29,Sayur-Sayuran,03,019,KANGKUNG,F.A.Q,Kilogram,4,4,
30826321,2026-08-09,2026-08-09 11:27:53.768565,KELANTAN,KOTA BHARU,MYFARM OUTLET RTC KOTA BHARU,Runcit,29,Sayur-Sayuran,03,019,KANGKUNG,F.A.Q,Kilogram,4,4,
30826322,2026-08-09,2026-08-09 11:27:53.768565,KELANTAN,KOTA BHARU,MYFARM OUTLET RTC KOTA BHARU,Runcit,29,Sayur-Sayuran,03,019,KANGKUNG (IMPORT),F.A.Q,Kilogram,6,6,
30826323,2026-08-09,2026-08-09 11:27:53.768565,KELANTAN,KOTA BHARU,MYFARM OUTLET RTC KOTA BHARU,Runcit,29,Sayur-Sayuran,03,019,KANGKUNG (IMPORT),F.A.Q,Kilogram,6,6,
30826324,2026-08-09,2026-08-09 11:27:53.768565,KELANTAN,KOTA BHARU,MYFARM OUTLET RTC KOTA BHARU,Runcit,29,Sayur-Sayuran,03,006,KUBIS BULAT (CHINA),F.A.Q,Kilogram,3.5,3.5,
30826325,2026-08-09,2026-08-09 11:27:53.768565,KELANTAN,KOTA BHARU,MYFARM OUTLET RTC KOTA BHARU,Runcit,29,Sayur-Sayuran,03,006,KUBIS BULAT (CHINA),F.A.Q,Kilogram,3.5,3.5,
30826326,2026-08-09,2026-08-09 11:27:53.768565,KELANTAN,KOTA BHARU,MYFARM OUTLET RTC KOTA BHARU,Runcit,29,Sayur-Sayuran,03,006,KUBIS BULAT (CHINA),F.A.Q,Kilogram,3.5,3.5,
30826327,2026-08-09,2026-08-09 11:27:53.768565,KELANTAN,KOTA BHARU,MYFARM OUTLET RTC KOTA BHARU,Runcit,29,Sayur-Sayuran,03,006,KUBIS BULAT (TANAH TINGGI),F.A.Q,Kilogram,4,4.3,
30826328,2026-08-09,2026-08-09 11:27:53.768565,KELANTAN,KOTA BHARU,MYFARM OUTLET RTC KOTA BHARU,Runcit,29,Sayur-Sayuran,03,006,KUBIS BULAT (TANAH TINGGI),F.A.Q,Kilogram,4,4.3,
30826329,2026-08-09,2026-08-09 11:27:53.768565,KELANTAN,KOTA BHARU,MYFARM OUTLET RTC KOTA BHARU,Runcit,29,Sayur-Sayuran,03,006,KUBIS BULAT (TANAH TINGGI),F.A.Q,Kilogram,4,4.3,
30826330,2026-08-09,2026-08-09 11:27:53.768565,KELANTAN,KOTA BHARU,MYFARM OUTLET RTC KOTA BHARU,Runcit,29,Sayur-Sayuran,03,007,SAWI HIJAU,F.A.Q,Kilogram,6,6,
30826331,2026-08-09,2026-08-09 11:27:53.768565,KELANTAN,KOTA BHARU,MYFARM OUTLET RTC KOTA BHARU,Runcit,29,Sayur-Sayuran,03,007,SAWI HIJAU,F.A.Q,Kilogram,6,6,
30826332,2026-08-09,2026-08-09 11:27:53.768565,KELANTAN,KOTA BHARU,MYFARM OUTLET RTC KOTA BHARU,Runcit,29,Sayur-Sayuran,03,007,SAWI HIJAU (IMPORT),F.A.Q,Kilogram,5,6,
30826333,2026-08-09,2026-08-09 11:27:53.768565,KELANTAN,KOTA BHARU,MYFARM OUTLET RTC KOTA BHARU,Runcit,29,Sayur-Sayuran,03,007,SAWI HIJAU (IMPORT),F.A.Q,Kilogram,5,6,
30826334,2026-08-09,2026-08-09 11:27:53.768565,KELANTAN,KOTA BHARU,MYFARM OUTLET RTC KOTA BHARU,Runcit,29,Sayur-Sayuran,03,007,SAWI HIJAU (IMPORT),F.A.Q,Kilogram,5,6,
30826335,2026-08-09,2026-08-09 11:27:53.768565,KELANTAN,KOTA BHARU,MYFARM OUTLET RTC KOTA BHARU,Runcit,29,Sayur-Sayuran,03,007,SAWI HIJAU TANAH TINGGI,F.A.Q,Kilogram,5.5,5.25,
30826336,2026-08-09,2026-08-09 11:27:53.768565,KELANTAN,KOTA BHARU,MYFARM OUTLET RTC KOTA BHARU,Runcit,29,Sayur-Sayuran,03,007,SAWI HIJAU TANAH TINGGI,F.A.Q,Kilogram,5.5,5.25,
30826337,2026-08-09,2026-08-09 11:27:53.768565,KELANTAN,KOTA BHARU,MYFARM OUTLET RTC KOTA BHARU,Runcit,29,Sayur-Sayuran,02,010,TERUNG PANJANG / PEPARU (TANAH RENDAH),F.A.Q,Kilogram,6,6.75,
30826338,2026-08-09,2026-08-09 11:27:53.768565,KELANTAN,KOTA BHARU,MYFARM OUTLET RTC KOTA BHARU,Runcit,29,Sayur-Sayuran,02,010,TERUNG PANJANG / PEPARU (TANAH RENDAH),F.A.Q,Kilogram,6,6.75,
30826339,2026-08-09,2026-08-09 11:27:53.768565,KELANTAN,KOTA BHARU,MYFARM OUTLET RTC KOTA BHARU,Runcit,29,Sayur-Sayuran,02,010,TERUNG PANJANG / PEPARU (TANAH RENDAH),F.A.Q,Kilogram,7,6.75,
30826340,2026-08-09,2026-08-09 11:27:53.768565,KELANTAN,KOTA BHARU,MYFARM OUTLET RTC KOTA BHARU,Runcit,29,Sayur-Sayuran,02,011,TIMUN HIJAU,F.A.Q,Kilogram,3.5,4,
30826341,2026-08-09,2026-08-09 11:27:53.768565,KELANTAN,KOTA BHARU,MYFARM OUTLET RTC KOTA BHARU,Runcit,29,Sayur-Sayuran,02,011,TIMUN HIJAU,F.A.Q,Kilogram,4,4,
30826342,2026-08-09,2026-08-09 11:27:53.768565,KELANTAN,KOTA BHARU,MYFARM OUTLET RTC KOTA BHARU,Runcit,29,Sayur-Sayuran,02,011,TIMUN HIJAU,F.A.Q,Kilogram,4,4,
30826343,2026-08-09,2026-08-09 11:27:53.768565,KELANTAN,KOTA BHARU,MYFARM OUTLET RTC KOTA BHARU,Runcit,29,Sayur-Sayuran,02,011,TIMUN HIJAU (IMPORT),F.A.Q,Kilogram,3.5,3.5,
30826344,2026-08-09,2026-08-09 11:27:53.768565,KELANTAN,KOTA BHARU,MYFARM OUTLET RTC KOTA BHARU,Runcit,29,Sayur-Sayuran,02,011,TIMUN HIJAU (IMPORT),F.A.Q,Kilogram,3.5,3.5,
30826345,2026-08-09,2026-08-09 11:27:53.768565,KELANTAN,KOTA BHARU,MYFARM OUTLET RTC KOTA BHARU,Runcit,29,Sayur-Sayuran,02,011,TIMUN HIJAU (IMPORT),F.A.Q,Kilogram,3.5,3.5,
30826346,2026-08-09,2026-08-09 11:27:53.768565,KELANTAN,KOTA BHARU,MYFARM OUTLET RTC KOTA BHARU,Runcit,29,Sayur-Sayuran,02,012,TOMATO (TANAH TINGGI),F.A.Q,Kilogram,9.5,9.2,
30826347,2026-08-09,2026-08-09 11:27:53.768565,KELANTAN,KOTA BHARU,MYFARM OUTLET RTC KOTA BHARU,Runcit,29,Sayur-Sayuran,02,012,TOMATO (TANAH TINGGI),F.A.Q,Kilogram,9,9.2,
30826348,2026-08-09,2026-08-09 11:27:53.768565,KELANTAN,KOTA BHARU,MYFARM OUTLET RTC KOTA BHARU,Runcit,29,Sayur-Sayuran,02,012,TOMATO IMPORT,F.A.Q,Kilogram,5.5,5.5,
30826349,2026-08-09,2026-08-09 11:27:53.768565,KELANTAN,KOTA BHARU,MYFARM OUTLET RTC KOTA BHARU,Runcit,29,Sayur-Sayuran,02,012,TOMATO IMPORT,F.A.Q,Kilogram,5.5,5.5,
30826350,2026-08-09,2026-08-09 11:27:53.768565,KELANTAN,KOTA BHARU,MYFARM OUTLET RTC KOTA BHARU,Runcit,29,Sayur-Sayuran,05,009,UBI KENTANG (IMPORT),F.A.Q,Kilogram,3.5,3.5,
30826351,2026-08-09,2026-08-09 11:27:53.768565,KELANTAN,KOTA BHARU,MYFARM OUTLET RTC KOTA BHARU,Runcit,29,Sayur-Sayuran,05,009,UBI KENTANG (IMPORT),F.A.Q,Kilogram,3.5,3.5,
30826352,2026-08-09,2026-08-09 11:28:40.944792,KELANTAN,KOTA BHARU,MYFARM OUTLET RTC KOTA BHARU,Runcit,29,Ternakan,03,002,AYAM PROSES STANDARD,F.A.Q,Kilogram,9,9.5,
30826353,2026-08-09,2026-08-09 11:28:40.944792,KELANTAN,KOTA BHARU,MYFARM OUTLET RTC KOTA BHARU,Runcit,29,Ternakan,03,002,AYAM PROSES STANDARD,F.A.Q,Kilogram,9.5,9.5,
30826354,2026-08-09,2026-08-09 11:28:40.944792,KELANTAN,KOTA BHARU,MYFARM OUTLET RTC KOTA BHARU,Runcit,29,Ternakan,11,001,TELUR AYAM,A,Biji,0.45,0.45,
30826355,2026-08-09,2026-08-09 11:28:40.944792,KELANTAN,KOTA BHARU,MYFARM OUTLET RTC KOTA BHARU,Runcit,29,Ternakan,11,001,TELUR AYAM,B,Biji,0.43,0.43,
30826356,2026-08-09,2026-08-09 11:28:40.944792,KELANTAN,KOTA BHARU,MYFARM OUTLET RTC KOTA BHARU,Runcit,29,Ternakan,11,001,TELUR AYAM,C,Biji,0.41,0.41,
30826357,2026-08-09,2026-08-09 11:29:16.504714,KELANTAN,KOTA BHARU,MYFARM OUTLET RTC KOTA BHARU,Runcit,29,Buah-Buahan,02,005,BETIK SEKAKI,F.A.Q,Kilogram,4,4,
30826358,2026-08-09,2026-08-09 11:29:16.504714,KELANTAN,KOTA BHARU,MYFARM OUTLET RTC KOTA BHARU,Runcit,29,Buah-Buahan,02,023,NANAS JOSAPINE (AC5),F.A.Q,Kilogram,4,4,
30826359,2026-08-09,2026-08-09 11:29:16.504714,KELANTAN,KOTA BHARU,MYFARM OUTLET RTC KOTA BHARU,Runcit,29,Buah-Buahan,02,028,PISANG BERANGAN,F.A.Q,Kilogram,5.5,5.5,
30826360,2026-08-09,2026-08-09 11:29:16.504714,KELANTAN,KOTA BHARU,MYFARM OUTLET RTC KOTA BHARU,Runcit,29,Buah-Buahan,02,028,PISANG MAS,F.A.Q,Kilogram,4.5,4.5,
30826361,2026-08-09,2026-08-09 11:29:16.504714,KELANTAN,KOTA BHARU,MYFARM OUTLET RTC KOTA BHARU,Runcit,29,Buah-Buahan,02,034,TEMBIKAI MERAH TANPA BIJI,F.A.Q,Kilogram,3.2,3,
